Variable Name,Type,Description
GVKEY,string,GVKEY -- Global Company Key (GVKEY)
CONM,string,Company Name (CONM)
TIC,string,Ticker Symbol (TIC)
CUSIP,string,CUSIP (CUSIP)
CIK,string,CIK Number (CIK)
EXCHG,double,Stock Exchange Code (EXCHG)
FYR,double,Fiscal Year-End (FYR)
FIC,string,Foreign Incorporation Code (FIC)
ADD1,string,ADD1 -- Address Line 1 (ADD1)
ADD2,string,ADD2 -- Address Line 2 (ADD2)
ADD3,string,ADD3 -- Address Line 3 (ADD3)
ADD4,string,ADD4 -- Address Line 4 (ADD4)
ADDZIP,string,ADDZIP -- Postal Code (ADDZIP)
BUSDESC,string,BUSDESC -- S&P Business Description (BUSDESC)
CITY,string,CITY -- City (CITY)
CONML,string,CONML -- Company Legal Name (CONML)
COUNTY,string,COUNTY -- County Code (COUNTY)
DLDTE,date,DLDTE -- Research Company Deletion Date (DLDTE)
DLRSN,string,DLRSN -- Research Co Reason for Deletion (DLRSN)
EIN,string,EIN -- Employer Identification Number (EIN)
FAX,string,FAX -- Fax Number (FAX)
FYRC,double,FYRC -- Current Fiscal Year End Month (FYRC)
GGROUP,string,GGROUP -- GIC Groups (GGROUP)
GIND,string,GIND -- GIC Industries (GIND)
GSECTOR,string,GSECTOR -- GIC Sectors (GSECTOR)
GSUBIND,string,GSUBIND -- GIC Sub-Industries (GSUBIND)
IDBFLAG,string,"IDBFLAG -- International, Domestic, Both Indicator (IDBFLAG)"
INCORP,string,INCORP -- Current State/Province of Incorporation Code (INCORP)
IPODATE,date,IPODATE -- Company Initial Public Offering Date (IPODATE)
LOC,string,LOC -- Current ISO Country Code - Headquarters (LOC)
NAICS,string,NAICS -- North American Industry Classification Code (NAICS)
PHONE,string,PHONE -- Phone Number (PHONE)
PRICAN,string,PRICAN -- Current Primary Issue Tag - Canada (PRICAN)
PRIROW,string,PRIROW -- Primary Issue Tag - Rest of World (PRIROW)
PRIUSA,string,PRIUSA -- Current Primary Issue Tag - US (PRIUSA)
SIC,string,SIC -- Standard Industry Classification Code (SIC)
SPCINDCD,double,SPCINDCD -- S&P Industry Sector Code (SPCINDCD)
SPCSECCD,double,SPCSECCD -- S&P Economic Sector Code (SPCSECCD)
SPCSRC,string,SPCSRC -- S&P Quality Ranking - Current (SPCSRC)
STATE,string,STATE -- State/Province (STATE)
STKO,double,STKO -- Stock Ownership Code (STKO)
WEBURL,string,WEBURL -- Web URL (WEBURL)
ACCTCHG,string,ACCTCHG -- Adoption of Accounting Changes (ACCTCHG)
ACCTSTD,string,ACCTSTD -- Accounting Standard (ACCTSTD)
ACQMETH,string,ACQMETH -- Acquisition Method (ACQMETH)
ADRR,double,ADRR -- ADR Ratio (ADRR)
AJEX,double,AJEX -- Adjustment Factor (Company) - Cumulative by Ex-Date (AJEX)
AJP,double,AJP -- Adjustment Factor (Company) - Cumulative byPay-Date (AJP)
APDEDATE,date,APDEDATE -- Actual Period End date (APDEDATE)
BSPR,string,BSPR -- Balance Sheet Presentation (BSPR)
COMPST,string,COMPST -- Comparability Status (COMPST)
CURNCD,string,CURNCD -- Native Currency Code (CURNCD)
CURRTR,double,CURRTR -- Currency Translation Rate (CURRTR)
CURUSCN,double,CURUSCN -- US Canadian Translation Rate (CURUSCN)
FDATE,date,FDATE -- Final Date (FDATE)
FINAL,string,FINAL -- Final Indicator Flag (FINAL)
FYEAR,double,FYEAR -- Data Year - Fiscal (FYEAR)
ISMOD,double,ISMOD -- Income Statement Model Number (ISMOD)
LTCM,string,LTCM -- Long Term Contract Method (LTCM)
OGM,string,OGM -- OIL & GAS METHOD (OGM)
PDATE,date,PDATE -- Preliminary Date (PDATE)
PDDUR,double,PDDUR -- Period Duration (PDDUR)
SCF,double,SCF -- Cash Flow Format (SCF)
SRC,double,SRC -- Source Document (SRC)
STALT,string,STALT -- Status Alert (STALT)
UDPL,string,UDPL -- Utility - Liberalized Depreciation Code (UDPL)
UPD,double,UPD -- Update Code (UPD)
ACCO,double,ACCO -- Acceptances Outstanding (ACCO)
ACDO,double,ACDO -- Current Assets of Discontinued Operations (ACDO)
ACO,double,ACO -- Current Assets Other Total (ACO)
ACODO,double,ACODO -- Other Current Assets Excl Discontinued Operations (ACODO)
ACOMINC,double,ACOMINC -- Accumulated Other Comprehensive Income (Loss) (ACOMINC)
ACOX,double,ACOX -- Current Assets Other Sundry (ACOX)
ACOXAR,double,ACOXAR -- Current Assets - Other - Total As Reported (ACOXAR)
ACT,double,ACT -- Current Assets - Total (ACT)
AEDI,double,AEDI -- Accrued Expenses and Deferred Income (AEDI)
ALDO,double,ALDO -- Long-term Assets of Discontinued Operations (ALDO)
AO,double,AO -- Assets - Other (AO)
AOCIDERGL,double,AOCIDERGL -- Accum Other Comp Inc - Derivatives Unrealized Gain/Loss (AOCIDERGL)
AOCIOTHER,double,AOCIOTHER -- Accum Other Comp Inc - Other Adjustments (AOCIOTHER)
AOCIPEN,double,AOCIPEN -- Accum Other Comp Inc - Min Pension Liab Adj (AOCIPEN)
AOCISECGL,double,AOCISECGL -- Accum Other Comp Inc - Unreal G/L Ret Int in Sec Assets (AOCISECGL)
AODO,double,AODO -- Other Assets excluding Discontinued Operations (AODO)
AOX,double,AOX -- Assets - Other - Sundry (AOX)
AP,double,AP -- Accounts Payable - Trade (AP)
APB,double,"APB -- Accounts Payable/Creditors - Brokers, Dealers, and Clearing Organizations (APB)"
APC,double,APC -- Accounts Payable/Creditors - Customer (APC)
APOFS,double,APOFS -- Accounts Payable/Creditors - Other - FS (APOFS)
ARB,double,"ARB -- Accounts Receivable/Debtors - Brokers, Dealers, and Clearing Organizations (ARB)"
ARC,double,ARC -- Accounts Receivable/Debtors - Customer (ARC)
ARTFS,double,ARTFS -- Accounts Receivable/Debtors - Total (ARTFS)
AT,double,AT -- Assets - Total (AT)
BAST,double,BAST -- Average Short-Term Borrowings (BAST)
BKVLPS,double,BKVLPS -- Book Value Per Share (BKVLPS)
CA,double,CA -- Customers' Acceptance (CA)
CAPS,double,CAPS -- Capital Surplus/Share Premium Reserve (CAPS)
CB,double,CB -- Compensating Balance (CB)
CEQ,double,CEQ -- Common/Ordinary Equity - Total (CEQ)
CEQL,double,CEQL -- Common Equity Liquidation Value (CEQL)
CEQT,double,CEQT -- Common Equity Tangible (CEQT)
CH,double,CH -- Cash (CH)
CHE,double,CHE -- Cash and Short-Term Investments (CHE)
CHS,double,CHS -- Cash and Deposits - Segregated (CHS)
CLD2,double,CLD2 -- Capitalized Leases - Due in 2nd Year (CLD2)
CLD3,double,CLD3 -- Capitalized Leases - Due in 3rd Year (CLD3)
CLD4,double,CLD4 -- Capitalized Leases - Due in 4th Year (CLD4)
CLD5,double,CLD5 -- Capitalized Leases - Due in 5th Year (CLD5)
CLFC,double,CLFC -- Contingent Liabilities - Forward and Future Contracts (CLFC)
CLFX,double,CLFX -- Contingent Liabilities - Foreign Exchange Commitments (CLFX)
CLG,double,CLG -- Contingent Liabilities - Guarantees (CLG)
CLIS,double,CLIS -- Contingent Liabilities - Interest Rate Swaps (CLIS)
CLL,double,CLL -- Contingent Liabilities - Letters of Credit (CLL)
CLLC,double,CLLC -- Contingent Liabilities - Loan Commitments (CLLC)
CLO,double,CLO -- Contingent Liabilities - Other (CLO)
CLRLL,double,CLRLL -- Credit Loss Reserve Allocated for LDC Loans (CLRLL)
CLT,double,CLT -- Contingent Liabilities - Total (CLT)
CMP,double,CMP -- Commercial Paper (CMP)
CRV,double,CRV -- Consolidation Reserves (CRV)
CRVNLI,double,CRVNLI -- Reserves for Claims (Losses) - Nonlife (Insurance) (CRVNLI)
CSTK,double,CSTK -- Common/Ordinary Stock (Capital) (CSTK)
CSTKCV,double,CSTKCV -- Common Stock-Carrying Value (CSTKCV)
DC,double,DC -- Deferred Charges (DC)
DCLO,double,DCLO -- Debt Capitalized Lease Obligations (DCLO)
DCOM,double,DCOM -- Deferred Compensation (DCOM)
DCPSTK,double,DCPSTK -- Convertible Debt and Preferred Stock (DCPSTK)
DCS,double,DCS -- Debt Consolidated Subsidiary (DCS)
DCVSR,double,DCVSR -- Debt Senior Convertible (DCVSR)
DCVSUB,double,DCVSUB -- Debt Subordinated Convertible (DCVSUB)
DCVT,double,DCVT -- Debt - Convertible (DCVT)
DD,double,DD -- Debt Debentures (DD)
DD1,double,DD1 -- Long-Term Debt Due in One Year (DD1)
DD2,double,DD2 -- Debt Due in 2nd Year (DD2)
DD3,double,DD3 -- Debt Due in 3rd Year (DD3)
DD4,double,DD4 -- Debt Due in 4th Year (DD4)
DD5,double,DD5 -- Debt Due in 5th Year (DD5)
DFPAC,double,DFPAC -- Deferred Policy Acquisition Costs (DFPAC)
DFS,double,DFS -- Debt Finance Subsidiary (DFS)
DLC,double,DLC -- Debt in Current Liabilities - Total (DLC)
DLTO,double,DLTO -- Other Long-term Debt (DLTO)
DLTP,double,DLTP -- Long-Term Debt Tied to Prime (DLTP)
DLTSUB,double,DLTSUB -- Long-Term Debt - Subordinated (DLTSUB)
DLTT,double,DLTT -- Long-Term Debt - Total (DLTT)
DM,double,DM -- Debt Mortgages & Other Secured (DM)
DN,double,DN -- Debt Notes (DN)
DPACB,double,DPACB -- Depreciation (Accumulated) Buildings (DPACB)
DPACC,double,DPACC -- Depreciation (Accumulated) Construction in Progress (DPACC)
DPACLI,double,DPACLI -- Depreciation (Accumulated) Land and Improvements (DPACLI)
DPACLS,double,DPACLS -- Depreciation (Accumulated) Leases (DPACLS)
DPACME,double,DPACME -- Depreciation (Accumulated) Machinery and Equipment (DPACME)
DPACNR,double,DPACNR -- Depreciation (Accumulated) Natural Resources (DPACNR)
DPACO,double,DPACO -- Depreciation (Accumulated) Other (DPACO)
DPACRE,double,DPACRE -- Accumulated Depreciation of RE Property (DPACRE)
DPACT,double,"DPACT -- Depreciation, Depletion and Amortization (Accumulated) (DPACT)"
DPDC,double,DPDC -- Deposits - Demand - Customer (DPDC)
DPLTB,double,DPLTB -- Deposits - Long-Term Time - Bank (DPLTB)
DPSC,double,DPSC -- Deposits vings - Customer (DPSC)
DPSTB,double,DPSTB -- Deposits - Short-Term Demand - Bank (DPSTB)
DPTB,double,DPTB -- Deposits - Total - Banks (DPTB)
DPTC,double,DPTC -- Deposits - Total - Customer (DPTC)
DPTIC,double,DPTIC -- Deposits - Time - Customer (DPTIC)
DPVIEB,double,DPVIEB -- Depreciation (Accumulated) Ending Balance (Schedule VI) (DPVIEB)
DPVIO,double,DPVIO -- Depreciation (Accumulated) Other Changes (Schedule VI) (DPVIO)
DPVIR,double,DPVIR -- Depreciation (Accumulated) Retirements (Schedule VI) (DPVIR)
DRC,double,DRC -- Deferred Revenue Current (DRC)
DRCI,double,DRCI -- Deduction From Policy and Claims Reserves for Reinsurance Ceded (DRCI)
DRLT,double,DRLT -- Deferred Revenue Long-term (DRLT)
DS,double,DS -- Debt-Subordinated (DS)
DUDD,double,DUDD -- Debt Unamortized Debt Discount and Other (DUDD)
DVPA,double,DVPA -- Preferred Dividends in Arrears (DVPA)
DVPIBB,double,DVPIBB -- Depreciation (Accumulated) Beginning Balance (Schedule VI) (DVPIBB)
DXD2,double,DXD2 -- Debt (excl Capitalized Leases) - Due in 2nd Year (DXD2)
DXD3,double,DXD3 -- Debt (excl Capitalized Leases) - Due in 3rd Year (DXD3)
DXD4,double,DXD4 -- Debt (excl Capitalized Leases) - Due in 4th Year (DXD4)
DXD5,double,DXD5 -- Debt (excl Capitalized Leases) - Due in 5th Year (DXD5)
EA,double,EA -- Exchange Adjustments (Assets) (EA)
ESOPCT,double,ESOPCT -- ESOP Obligation (Common) - Total (ESOPCT)
ESOPDLT,double,ESOPDLT -- ESOP Debt - Long Term (ESOPDLT)
ESOPNR,double,ESOPNR -- Preferred ESOP Obligation - Non-Redeemable (ESOPNR)
ESOPR,double,ESOPR -- Preferred ESOP Obligation - Redeemable (ESOPR)
ESOPT,double,ESOPT -- Preferred ESOP Obligation - Total (ESOPT)
EXCADJ,double,EXCADJ -- Exchange Adjustments (Liabilities) (EXCADJ)
FATB,double,"FATB -- Property, Plant, and Equipment Buildings at Cost (FATB)"
FATC,double,"FATC -- Property, Plant, and Equipment Construction in Progress at Cost (FATC)"
FATE,double,"FATE -- Property, Plant, and Equipment Machinery and Equipment at Cost (FATE)"
FATL,double,"FATL -- Property, Plant, and Equipment Leases at Cost (FATL)"
FATN,double,"FATN -- Property, Plant, and Equipment Natural Resources at Cost (FATN)"
FATO,double,"FATO -- Property, Plant, and Equipment Other at Cost (FATO)"
FATP,double,"FATP -- Property, Plant, and Equipment Land and Improvements at Cost (FATP)"
FDFR,double,FDFR -- Federal Funds Purchased (FDFR)
FEA,double,FEA -- Foreign Exchange Assets (FEA)
FEL,double,FEL -- Foreign Exchange Liabilities (FEL)
FFS,double,FFS -- Federal Funds Sold (FFS)
GDWL,double,GDWL -- Goodwill (GDWL)
GEQRV,double,GEQRV -- Grants - Equity Reserves (GEQRV)
GOVGR,double,GOVGR -- Government Grants (GOVGR)
IAEQ,double,IAEQ -- Investment Assets - Equity Securities (Insurance) (IAEQ)
IAEQCI,double,IAEQCI -- Investment Assets (Insurance) - Equity Securities (Cost) (IAEQCI)
IAEQMI,double,IAEQMI -- Investment Assets (Insurance) - Equity Securities (Market) (IAEQMI)
IAFICI,double,IAFICI -- Investment Assets (Insurance) - Fixed Income Securities (Cost) (IAFICI)
IAFXI,double,IAFXI -- Investment Assets - Fixed Income Securities (Insurance) (IAFXI)
IAFXMI,double,IAFXMI -- Investment Assets (Insurance) - Fixed Income Securities (Market) (IAFXMI)
IALI,double,IALI -- Investment Assets (Insurance) - Listed Securities-Total (IALI)
IALOI,double,IALOI -- Investment Assets - Loans - Other (Insurance) (IALOI)
IALTI,double,IALTI -- Investment Assets - Loans - Total (Insurance) (IALTI)
IAMLI,double,IAMLI -- Investment Assets - Mortgage Loans (Insurance) (IAMLI)
IAOI,double,IAOI -- Investment Assets - Other (Insurance) (IAOI)
IAPLI,double,IAPLI -- Investment Assets - Policy Loans (Insurance) (IAPLI)
IAREI,double,IAREI -- Investment Assets - Real Estate (Insurance) (IAREI)
IASCI,double,IASCI -- Investment Assets (Insurance) - Securities - Sundry (Cost) (IASCI)
IASMI,double,IASMI -- Investment Assets (Insurance) - Securities - Sundry (Market) (IASMI)
IASSI,double,IASSI -- Investment Assets - Securities - Sundry (Insurance) (IASSI)
IASTI,double,IASTI -- Investment Assets - Securities - Total (Insurance) (IASTI)
IATCI,double,IATCI -- Investment Assets (Insurance) - Securities - Total (Cost) (IATCI)
IATI,double,IATI -- Investment Assets - Total (Insurance) (IATI)
IATMI,double,IATMI -- Investment Assets (Insurance) - Securities - Total (Market) (IATMI)
IAUI,double,IAUI -- Investment Assets (Insurance) - Unlisted Securities - Total (IAUI)
ICAPT,double,ICAPT -- Invested Capital - Total (ICAPT)
INTAN,double,INTAN -- Intangible Assets - Total (INTAN)
INTANO,double,INTANO -- Other Intangibles (INTANO)
INVFG,double,INVFG -- Inventories Finished Goods (INVFG)
INVO,double,INVO -- Inventories Other (INVO)
INVOFS,double,INVOFS -- Inventory/Stock - Other (INVOFS)
INVREH,double,INVREH -- Inventory/Stock - Real Estate Held for Development (INVREH)
INVREI,double,INVREI -- Inventory/Stock - Real Estate Under Development (INVREI)
INVRES,double,INVRES -- Inventory/Stock - Real Estate Held for Sale (INVRES)
INVRM,double,INVRM -- Inventories Raw Materials (INVRM)
INVT,double,INVT -- Inventories - Total (INVT)
INVWIP,double,INVWIP -- Inventories Work In Process (INVWIP)
IP,double,IP -- Investment Property (IP)
IPC,double,IPC -- Investment Property (Cost) (IPC)
IPV,double,IPV -- Investment Property (Valuation) (IPV)
ISEQ,double,ISEQ -- Investment Securities - Equity (ISEQ)
ISEQC,double,ISEQC -- Investment Securities - Equity (Cost) (ISEQC)
ISEQM,double,ISEQM -- Investment Securities - Equity (Market) (ISEQM)
ISFI,double,ISFI -- Investment Securities - Fixed Income (ISFI)
ISFXC,double,ISFXC -- Investment Securities - Fixed Income (Cost) (ISFXC)
ISFXM,double,ISFXM -- Investment Securities - Fixed Income (Market) (ISFXM)
ISLG,double,ISLG -- Investment Securities - Local Governments (ISLG)
ISLGC,double,ISLGC -- Investment Securities - Local Governments (Cost) (ISLGC)
ISLGM,double,ISLGM -- Investment Securities - Local Governments (Market) (ISLGM)
ISLT,double,ISLT -- Investment Securities - Listed - Total (ISLT)
ISNG,double,ISNG -- Investment Securities - National Governments (ISNG)
ISNGC,double,ISNGC -- Investment Securities - National Governments (Cost) (ISNGC)
ISNGM,double,ISNGM -- Investment Securities - National Governments (Market) (ISNGM)
ISOTC,double,ISOTC -- Invetsment Securities - Other (Cost) (ISOTC)
ISOTH,double,ISOTH -- Investment Securities - Other (ISOTH)
ISOTM,double,ISOTM -- Invetsment Securities - Other (Market) (ISOTM)
ISSC,double,ISSC -- Investment Securities - Sundry (Cost) (ISSC)
ISSM,double,ISSM -- Investment Securities - Sundry (Market) (ISSM)
ISSU,double,ISSU -- Investment Securities - Sundry (ISSU)
IST,double,IST -- Investment Securities -Total (IST)
ISTC,double,ISTC -- Investment Securities - Total (Cost) (ISTC)
ISTM,double,ISTM -- Investment Securities - Total (Market) (ISTM)
ISUT,double,ISUT -- Investment Securities - Unlisted - Total (ISUT)
ITCB,double,ITCB -- Investment Tax Credit (Balance Sheet) (ITCB)
IVAEQ,double,IVAEQ -- Investment and Advances - Equity (IVAEQ)
IVAO,double,IVAO -- Investment and Advances Other (IVAO)
IVGOD,double,IVGOD -- Investments Grants and Other Deductions (IVGOD)
IVPT,double,IVPT -- Investments - Permanent - Total (IVPT)
IVST,double,IVST -- Short-Term Investments - Total (IVST)
LCABG,double,LCABG -- Loans/Claims/Advances - Banks and Government - Total (LCABG)
LCACL,double,LCACL -- Loans/Claims/Advances - Commercial (LCACL)
LCACR,double,LCACR -- Loans/Claims/Advances - Consumer (LCACR)
LCAG,double,LCAG -- Loans/Claims/Advances - Government (LCAG)
LCAL,double,LCAL -- Loans/Claims/Advances - Lease (LCAL)
LCALT,double,LCALT -- Loans/Claims/Advances - Long-Term (Banks) (LCALT)
LCAM,double,LCAM -- Loans/Claims/Advances - Mortgage (LCAM)
LCAO,double,LCAO -- Loans/Claims/Advances - Other (LCAO)
LCAST,double,LCAST -- Loans/Claims/Advances - Short-Term - Banks (LCAST)
LCAT,double,LCAT -- Loans/Claims/Advances - Total (LCAT)
LCO,double,LCO -- Current Liabilities Other Total (LCO)
LCOX,double,LCOX -- Current Liabilities Other Sundry (LCOX)
LCOXAR,double,LCOXAR -- Current Liabilities - Other - Total As Reported (LCOXAR)
LCOXDR,double,LCOXDR -- Current Liabilities - Other - Excluding Deferred Revenue (LCOXDR)
LCT,double,LCT -- Current Liabilities - Total (LCT)
LCUACU,double,LCUACU -- Loans/Claims/Advances - Customer - Total (LCUACU)
LIF,double,LIF -- Life Insurance in Force (LIF)
LIFR,double,LIFR -- LIFO Reserve (LIFR)
LLOML,double,LLOML -- LDC Loans Outstanding - Medium and Long-Term (LLOML)
LLOO,double,LLOO -- LDC Loans Outstanding - Other (LLOO)
LLOT,double,LLOT -- LDC Loans Outstanding - Total (LLOT)
LO,double,LO -- Liabilities - Other - Total (LO)
LOXDR,double,LOXDR -- Liabilities - Other - Excluding Deferred Revenue (LOXDR)
LRV,double,LRV -- Legal Reserves (LRV)
LS,double,LS -- Liabilities - Other - Sundry (LS)
LSE,double,LSE -- Liabilities and Stockholders Equity - Total (LSE)
LT,double,LT -- Liabilities - Total (LT)
MIB,double,MIB -- Minority Interest (Balance Sheet) (MIB)
MRC1,double,MRC1 -- Rental Commitments Minimum 1st Year (MRC1)
MRC2,double,MRC2 -- Rental Commitments Minimum 2nd Year (MRC2)
MRC3,double,MRC3 -- Rental Commitments Minimum 3rd Year (MRC3)
MRC4,double,MRC4 -- Rental Commitments Minimum 4th Year (MRC4)
MRC5,double,MRC5 -- Rental Commitments Minimum 5th Year (MRC5)
MRCT,double,MRCT -- Rental Commitments Minimum 5 Year Total (MRCT)
MRCTA,double,MRCTA -- Thereafter Portion of Leases (MRCTA)
MSA,double,MSA -- Marketable Securities Adjustment (MSA)
MSVRV,double,MSVRV -- Mandatory Securities Valuation Reserve (Statutory) (MSVRV)
MTL,double,MTL -- Loans From Securities Finance Companies for Margin Transactions (MTL)
NAT,double,NAT -- Nonadmitted Assets - Total (Statutory) (NAT)
NP,double,NP -- Notes Payable Short-Term Borrowings (NP)
NPANL,double,NPANL -- Nonperforming Assets - Nonaccrual Loans (NPANL)
NPAORE,double,NPAORE -- Nonperforming Assets - Other Real Estate Owned (NPAORE)
NPARL,double,NPARL -- Nonperforming Assets - Restructured Loans (NPARL)
NPAT,double,NPAT -- Nonperforming Assets - Total (NPAT)
OB,double,OB -- Order Backlog (OB)
OPTPRCCA,double,OPTPRCCA -- Options Cancelled - Price (OPTPRCCA)
OPTPRCEX,double,OPTPRCEX -- Options Exercised - Price (OPTPRCEX)
OPTPRCEY,double,OPTPRCEY -- Options Outstanding End of Year - Price (OPTPRCEY)
OPTPRCGR,double,OPTPRCGR -- Options Granted - Price (OPTPRCGR)
OPTPRCWA,double,OPTPRCWA -- Options Exercisable - Weighted Avg Price (OPTPRCWA)
PPEGT,double,"PPEGT -- Property, Plant and Equipment - Total (Gross) (PPEGT)"
PPENB,double,"PPENB -- Property, Plant, and Equipment Buildings (Net) (PPENB)"
PPENC,double,"PPENC -- Property, Plant, and Equipment Construction in Progress (Net) (PPENC)"
PPENLI,double,"PPENLI -- Property, Plant, and Equipment Land and Improvements (Net) (PPENLI)"
PPENLS,double,"PPENLS -- Property, Plant, and Equipment Leases (Net) (PPENLS)"
PPENME,double,"PPENME -- Property, Plant, and Equipment Machinery and Equipment (Net) (PPENME)"
PPENNR,double,"PPENNR -- Property, Plant, and Equipment Natural Resources (Net) (PPENNR)"
PPENO,double,"PPENO -- Property, Plant, and Equipment Other (Net) (PPENO)"
PPENT,double,"PPENT -- Property, Plant and Equipment - Total (Net) (PPENT)"
PPEVBB,double,"PPEVBB -- Property, Plant and Equipment Beginning Balance (Schedule V) (PPEVBB)"
PPEVEB,double,"PPEVEB -- Property, Plant, and Equipment Ending Balance (Schedule V) (PPEVEB)"
PPEVO,double,"PPEVO -- Property, Plant, and Equipment Other Changes (Schedule V) (PPEVO)"
PPEVR,double,"PPEVR -- Property, Plant and Equipment Retirements (Schedule V) (PPEVR)"
PRC,double,PRC -- Participation Rights Certificates (PRC)
PRODV,double,PRODV -- Proposed Dividends (PRODV)
PRVT,double,PRVT -- Policy Reserves - Total (Statutory) (PRVT)
PSTK,double,PSTK -- Preferred/Preference Stock (Capital) - Total (PSTK)
PSTKC,double,PSTKC -- Preferred Stock Convertible (PSTKC)
PSTKL,double,PSTKL -- Preferred Stock Liquidating Value (PSTKL)
PSTKN,double,PSTKN -- Preferred/Preference Stock - Nonredeemable (PSTKN)
PSTKR,double,PSTKR -- Preferred/Preference Stock - Redeemable (PSTKR)
PSTKRV,double,PSTKRV -- Preferred Stock Redemption Value (PSTKRV)
PVCL,double,PVCL -- Provision - Credit Losses (Balance Sheet) (PVCL)
PVPL,double,PVPL -- Provision - Pension Liabilities (PVPL)
PVT,double,PVT -- Provisions - Total (PVT)
RADP,double,RADP -- Reinsurance Assets - Deposits and Other (Insurance) (RADP)
RAGR,double,RAGR -- Resale Agreements (RAGR)
RARI,double,RARI -- Reinsurance Assets - Receivable/Debtors (Insurance) (RARI)
RATI,double,RATI -- Reinsurance Assets - Total (Insurance) (RATI)
RCL,double,RCL -- Reserves for Credit Losses (Assets) (RCL)
RDP,double,RDP -- Regulatory Deposits (RDP)
RE,double,RE -- Retained Earnings (RE)
REA,double,REA -- Retained Earnings Restatement (REA)
REAJO,double,REAJO -- Retained Earnings Other Adjustments (REAJO)
RECCO,double,RECCO -- Receivables - Current - Other (RECCO)
RECD,double,RECD -- Receivables - Estimated Doubtful (RECD)
RECT,double,RECT -- Receivables Total (RECT)
RECTA,double,RECTA -- Retained Earnings Cumulative Translation Adjustment (RECTA)
RECTR,double,RECTR -- Receivables - Trade (RECTR)
RECUB,double,RECUB -- Unbilled Receivables (RECUB)
RET,double,RET -- Total RE Property (RET)
REUNA,double,REUNA -- Retained Earnings Unadjusted (REUNA)
REUNR,double,REUNR -- Retained Earnings Unrestricted (REUNR)
RLL,double,RLL -- Reserve for Loan/Asset Losses (RLL)
RLO,double,RLO -- Reinsurance Liabilities - Other (RLO)
RLP,double,RLP -- Reinsurance Liabilities - Payables/Creditors (RLP)
RLRI,double,RLRI -- Reinsurers' Liability for Reserves (Insurance) (RLRI)
RLT,double,RLT -- Reinsurance Liabilities - Total (RLT)
RPAG,double,RPAG -- Repurchase Agreements (RPAG)
RREPS,double,RREPS -- Reversal Restructuring/Acq Basic EPS Effect (RREPS)
RVBCI,double,RVBCI -- Reserves for Benefits - Life - Claims (Insurance) (RVBCI)
RVBPI,double,RVBPI -- Reserves for Benefits - Life - Policy (Insurance) (RVBPI)
RVBTI,double,RVBTI -- Reserves for Benefits - Life - Total (Insurance) (RVBTI)
RVDO,double,RVDO -- Reserves - Distributable - Other (RVDO)
RVDT,double,RVDT -- Reserves - Distributable - Total (RVDT)
RVEQT,double,RVEQT -- Equity Reserves - Total (RVEQT)
RVLRV,double,RVLRV -- Revaluation Reserve (RVLRV)
RVNO,double,RVNO -- Reserves - Nondistributable - Other (RVNO)
RVNT,double,RVNT -- Reserves - Nondistributable - Total (RVNT)
RVRI,double,RVRI -- Reserves - Reinsurance (Insurance) (RVRI)
RVSI,double,RVSI -- Reserves - Sundry (Insurance) (RVSI)
RVTI,double,RVTI -- Reserves - Total (RVTI)
RVTXR,double,RVTXR -- Reserves - Tax-Regulated (RVTXR)
RVUPI,double,RVUPI -- Reserves for Unearned Premiums (Insurance) (RVUPI)
RVUTX,double,RVUTX -- Reserves - Untaxed (RVUTX)
SAA,double,SAA -- Separate Account Assets (SAA)
SAL,double,SAL -- Separate Account Liabilities (SAL)
SBDC,double,SBDC -- Securities Borrowed and Deposited by Customers (SBDC)
SC,double,SC -- Securities In Custody (SC)
SCO,double,SCO -- Share Capital - Other (SCO)
SECU,double,SECU -- Securities Gains (Losses) - Unrealized (SECU)
SEQ,double,SEQ -- Stockholders' Equity - Total (SEQ)
SEQO,double,SEQO -- Other Stockholders Equity Adjustments (SEQO)
SRT,double,SRT -- Surplus - Total (Statutory) (SRT)
SSNP,double,SSNP -- Securities Sold Not Yet Purchased (SSNP)
STBO,double,STBO -- Short-Term Borrowings - Other (STBO)
STIO,double,STIO -- Short-Term Investments - Other (STIO)
TDSCD,double,TDSCD -- Trading/Dealing Account Securities - Corporate Debt (TDSCD)
TDSCE,double,TDSCE -- Trading/Dealing Account Securities - Corporate Equity (TDSCE)
TDSLG,double,TDSLG -- Trading/Dealing Account Securities - Local Governments (TDSLG)
TDSMM,double,TDSMM -- Trading/Dealing Account Securities - Money Market (TDSMM)
TDSNG,double,TDSNG -- Trading/Dealing Account Securities - National Governments (TDSNG)
TDSO,double,TDSO -- Trading/Dealing Account Securities - Other (TDSO)
TDSS,double,TDSS -- Trading/Dealing Account Securities - Sundry (TDSS)
TDST,double,TDST -- Trading/Dealing Account Securities - Total (TDST)
TLCF,double,TLCF -- Tax Loss Carry Forward (TLCF)
TRANSA,double,TRANSA -- Cumulative Translation Adjustment (TRANSA)
TSA,double,TSA -- Treasury Stock (Assets) (TSA)
TSO,double,TSO -- Treasury Stock - Other Share Capital (TSO)
TSTK,double,TSTK -- Treasury Stock - Total (All Capital) (TSTK)
TSTKC,double,TSTKC -- Treasury Stock - Common (TSTKC)
TSTKME,double,TSTKME -- Treasury Stock Book Value Memo Entry (TSTKME)
TSTKP,double,TSTKP -- Treasury Stock - Preferrred (TSTKP)
TXDB,double,TXDB -- Deferred Taxes (Balance Sheet) (TXDB)
TXDBA,double,TXDBA -- Deferred Tax Asset - Long Term (TXDBA)
TXDBCA,double,TXDBCA -- Deferred Tax Asset - Current (TXDBCA)
TXDBCL,double,TXDBCL -- Deferred Tax Liability - Current (TXDBCL)
TXDITC,double,TXDITC -- Deferred Taxes and Investment Tax Credit (TXDITC)
TXNDB,double,TXNDB -- Net Deferred Tax Asset (Liab) - Total (TXNDB)
TXNDBA,double,TXNDBA -- Net Deferred Tax Asset (TXNDBA)
TXNDBL,double,TXNDBL -- Net Deferred Tax Liability (TXNDBL)
TXNDBR,double,TXNDBR -- Deferred Tax Residual (TXNDBR)
TXP,double,TXP -- Income Taxes Payable (TXP)
TXR,double,TXR -- Income Tax Refund (TXR)
UAOX,double,UAOX -- Other Assets - Utility (UAOX)
UAPT,double,UAPT -- Accounts Payable - Utility (UAPT)
UCAPS,double,UCAPS -- Paid in Capital - Other (UCAPS)
UCCONS,double,UCCONS -- Contributions in Aid of Construction (UCCONS)
UCEQ,double,UCEQ -- Common Equity Total - Utility (UCEQ)
UCUSTAD,double,UCUSTAD -- Customer Advances for Construction (UCUSTAD)
UDCOPRES,double,UDCOPRES -- Deferred Credits and Operating Reserves - Other (UDCOPRES)
UDD,double,UDD -- Debt (Debentures) (UDD)
UDMB,double,UDMB -- Debt (Mortgage Bonds) - Utility (UDMB)
UDOLT,double,UDOLT -- Debt (Other Long-Term) - Utility (UDOLT)
UDPCO,double,UDPCO -- Debt (Pollution Control Obligations) - Utility (UDPCO)
UI,double,UI -- Unearned Income (UI)
UINVT,double,UINVT -- Inventories - Utility (UINVT)
ULCM,double,ULCM -- Current Liabilities - Miscellaneous (ULCM)
ULCO,double,ULCO -- Current Liabilities - Other - Utility (ULCO)
UNL,double,UNL -- Unappropriated Net Loss (UNL)
UNNP,double,UNNP -- Unappropriated Net Profit (Stockholders' Equity) (UNNP)
UNNPL,double,UNNPL -- Unappropriated Net Profit (UNNPL)
UOPRES,double,UOPRES -- Operating Reserves (UOPRES)
UPMCSTK,double,UPMCSTK -- Premium on Common Stock* (UPMCSTK)
UPMPF,double,UPMPF -- Premium on Preferred Stock* (UPMPF)
UPMPFS,double,UPMPFS -- Premium on Preference Stock* (UPMPFS)
UPMSUBP,double,UPMSUBP -- Premium on Subsidiary Preferred Stock* (UPMSUBP)
UPSTK,double,UPSTK -- Preferred Stock at Carrying Value (UPSTK)
UPSTKC,double,UPSTKC -- Preference Stock at Carrying Value* (UPSTKC)
UPSTKSF,double,UPSTKSF -- Preferred/Preference Stock Sinking Fund Requirement (UPSTKSF)
URECT,double,URECT -- Receivables (Net) (URECT)
URECTR,double,URECTR -- Accounts Receivable - Trade - Utility (URECTR)
UREVUB,double,UREVUB -- Accrued Unbilled Revenues (Balance Sheet) (UREVUB)
USUBPSTK,double,USUBPSTK -- Subsidiary Preferred Stock at Carrying Value (USUBPSTK)
VPAC,double,VPAC -- Investments - Permanent - Associated Companies (VPAC)
VPO,double,VPO -- Investments - Permanent - Other (VPO)
WCAP,double,WCAP -- Working Capital (Balance Sheet) (WCAP)
XACC,double,XACC -- Accrued Expenses (XACC)
XPP,double,XPP -- Prepaid Expenses (XPP)
ACCHG,double,ACCHG -- Accounting Changes Cumulative Effect (ACCHG)
ADPAC,double,ADPAC -- Amortization of Deferred Policy Acquisition Costs (ADPAC)
AM,double,AM -- Amortization of Intangibles (AM)
AMDC,double,AMDC -- Amortization of Deferred Charges (AMDC)
AMGW,double,AMGW -- Amortization of Goodwill (AMGW)
AQA,double,AQA -- Acquisition/Merger After-tax (AQA)
AQD,double,AQD -- Acquisition/Merger Diluted EPS Effect (AQD)
AQEPS,double,AQEPS -- Acquisition/Merger Basic EPS Effect (AQEPS)
AQI,double,AQI -- Acquisitions Income Contribution (AQI)
AQP,double,AQP -- Acquisition/Merger Pretax (AQP)
AQS,double,AQS -- Acquisitions Sales Contribution (AQS)
ARCE,double,ARCE -- As Reported Core After-tax (ARCE)
ARCED,double,ARCED -- As Reported Core Diluted EPS Effect (ARCED)
ARCEEPS,double,ARCEEPS -- As Reported Core Basic EPS Effect (ARCEEPS)
AUTXR,double,AUTXR -- Appropriations to Untaxed Reserves (AUTXR)
BALR,double,BALR -- Benefits Assumed - Life (BALR)
BANLR,double,BANLR -- Benefits Assumed - Nonlife (BANLR)
BATR,double,BATR -- Benefits Assumed - Total (BATR)
BCEF,double,"BCEF -- Brokerage, Clearing and Exchange Fees (BCEF)"
BCLR,double,BCLR -- Benefits Ceded - Life (BCLR)
BCLTBL,double,BCLTBL -- Benefits and Claims - Total (Business Line) (BCLTBL)
BCNLR,double,BCNLR -- Benefits Ceded - Nonlife (BCNLR)
BCRBL,double,BCRBL -- Benefits and Claims - Reinsurance (Business Line) (BCRBL)
BCT,double,BCT -- Benefits and Claims - Total (Insurance) (BCT)
BCTBL,double,BCTBL -- Benefits and Claims - Other (Business Line) (BCTBL)
BCTR,double,BCTR -- Benefits Ceded - Total (BCTR)
BLTBL,double,BLTBL -- Benefits - Life - Total (Business Line) (BLTBL)
CBI,double,CBI -- Claims Incurred - Insurance (CBI)
CDPAC,double,CDPAC -- Capitalized Deferred Polcy Acquisition Costs (CDPAC)
CFBD,double,CFBD -- Commissions and Fees - (Broker/Dealer) (CFBD)
CFERE,double,CFERE -- Commissions and Fees - (Real Estate) (CFERE)
CFO,double,CFO -- Commissions and Fees - Other (CFO)
CFPDO,double,CFPDO -- Commissions and Fees Paid - Other (CFPDO)
CGA,double,CGA -- Capital Gains - After-Tax (CGA)
CGRI,double,CGRI -- Capital Gains - Realized (Insurance) (CGRI)
CGTI,double,CGTI -- Capital Gains - Total (Insurance) (CGTI)
CGUI,double,CGUI -- Capital Gains - Unrealized (Insurance) (CGUI)
CIBEGNI,double,CIBEGNI -- Comp Inc - Beginning Net Income (CIBEGNI)
CICURR,double,CICURR -- Comp Inc - Currency Trans Adj (CICURR)
CIDERGL,double,CIDERGL -- Comp Inc - Derivative Gains/Losses (CIDERGL)
CIOTHER,double,CIOTHER -- Comp Inc - Other Adj (CIOTHER)
CIPEN,double,CIPEN -- Comp Inc - Minimum Pension Adj (CIPEN)
CISECGL,double,CISECGL -- Comp Inc - Securities Gains/Losses (CISECGL)
CITOTAL,double,CITOTAL -- Comprehensive Income - Total (CITOTAL)
CNLTBL,double,CNLTBL -- Claims - Non-Life - Total (Business Line) (CNLTBL)
COGS,double,COGS -- Cost of Goods Sold (COGS)
CPCBL,double,CPCBL -- Commercial Property and Casualty Claims (Business Line) (CPCBL)
CPDOI,double,CPDOI -- Claims Paid - Other (CPDOI)
CPNLI,double,CPNLI -- Claims Paid - Non-Life (CPNLI)
CPPBL,double,CPPBL -- Commercial Property and Casualty Premiums (Business Line) (CPPBL)
CPREI,double,CPREI -- Claims Paid - Reinsurance (CPREI)
CSTKE,double,CSTKE -- Common Stock Equivalents - Dollar Savings (CSTKE)
DBI,double,DBI -- Death Benefits - Insurance (DBI)
DFXA,double,DFXA -- Depreciation of Tangible Fixed Assets (DFXA)
DILADJ,double,DILADJ -- Dilution Adjustment (DILADJ)
DILAVX,double,DILAVX -- Dilution Available Excluding Extraordinary Items (DILAVX)
DO,double,DO -- Discontinued Operations (DO)
DONR,double,DONR -- Nonrecurring Disc Operations (DONR)
DP,double,DP -- Depreciation and Amortization (DP)
DPRET,double,DPRET -- Depr/Amort of Property (DPRET)
DTEA,double,DTEA -- Extinguishment of Debt After-tax (DTEA)
DTED,double,DTED -- Extinguishment of Debt Diluted EPS Effect (DTED)
DTEEPS,double,DTEEPS -- Extinguishment of Debt Basic EPS Effect (DTEEPS)
DTEP,double,DTEP -- Extinguishment of Debt Pretax (DTEP)
DVC,double,DVC -- Dividends Common/Ordinary (DVC)
DVDNP,double,DVDNP -- Dividends Declared and Not Provided (DVDNP)
DVP,double,DVP -- Dividends - Preferred/Preference (DVP)
DVPD,double,DVPD -- Cash Dividends Paid (DVPD)
DVPDP,double,DVPDP -- Dividends and Bonuses Paid Policyholders (DVPDP)
DVRPIV,double,DVRPIV -- Dividends Received from Permanent Investments (DVRPIV)
DVRRE,double,DVRRE -- Development Revenue (Real Estate) (DVRRE)
DVSCO,double,DVSCO -- Dividends - Share Capital - Other (DVSCO)
DVT,double,DVT -- Dividends - Total (DVT)
EBIT,double,EBIT -- Earnings Before Interest and Taxes (EBIT)
EBITDA,double,EBITDA -- Earnings Before Interest (EBITDA)
EIEA,double,EIEA -- Equity in Earnings - After-Tax (EIEA)
EMOL,double,EMOL -- Directors' Emoluments (EMOL)
EPSFI,double,EPSFI -- Earnings Per Share (Diluted) Including Extraordinary Items (EPSFI)
EPSFX,double,EPSFX -- Earnings Per Share (Diluted) Excluding Extraordinary Items (EPSFX)
EPSPI,double,EPSPI -- Earnings Per Share (Basic) Including Extraordinary Items (EPSPI)
EPSPX,double,EPSPX -- Earnings Per Share (Basic) Excluding Extraordinary Items (EPSPX)
ESUB,double,ESUB -- Equity in Earnings - Unconsolidated Subsidiaries (ESUB)
FATD,double,FATD -- Fixed Assets and Investments - Disposals - Gain (Loss) (FATD)
FCA,double,FCA -- Foreign Exchange Income (Loss) (FCA)
FFO,double,FFO -- Funds From Operations (REIT) (FFO)
GBBL,double,GBBL -- Group Benefits (Business Line) (GBBL)
GDWLAM,double,GDWLAM -- Goodwill Amortization (GDWLAM)
GDWLIA,double,GDWLIA -- Impairments of Goodwill After-tax (GDWLIA)
GDWLID,double,GDWLID -- Impairments of Goodwill Diluted EPS Effect (GDWLID)
GDWLIEPS,double,GDWLIEPS -- Impairments of Goodwill Basic EPS Effect (GDWLIEPS)
GDWLIP,double,GDWLIP -- Impairments of Goodwill Pretax (GDWLIP)
GLA,double,GLA -- Gain/Loss After-tax (GLA)
GLCEA,double,GLCEA -- Gain/Loss on Sale (Core Earnings Adjusted) After-tax (GLCEA)
GLCED,double,GLCED -- Gain/Loss on Sale (Core Earnings Adjusted) Diluted EPS (GLCED)
GLCEEPS,double,GLCEEPS -- Gain/Loss on Sale (Core Earnings Adjusted) Basic EPS Effect (GLCEEPS)
GLCEP,double,GLCEP -- Gain/Loss on Sale (Core Earnings Adjusted) Pretax (GLCEP)
GLD,double,GLD -- Gain/Loss Diluted EPS Effect (GLD)
GLEPS,double,GLEPS -- Gain/Loss Basic EPS Effect (GLEPS)
GLP,double,GLP -- Gain/Loss Pretax (GLP)
GP,double,GP -- Gross Profit (Loss) (GP)
GPHBL,double,GPHBL -- Group Premiums - Health (Business Line) (GPHBL)
GPLBL,double,GPLBL -- Group Premiums - Life (Business Line) (GPLBL)
GPOBL,double,GPOBL -- Group Premiums - Other (Business Line) (GPOBL)
GPRBL,double,GPRBL -- Group Premiums - Retirement Benefits (Business Line) (GPRBL)
GPTBL,double,GPTBL -- Group Premiums - Total (Business Line) (GPTBL)
GWO,double,GWO -- Goodwill Written Off (GWO)
HEDGEGL,double,HEDGEGL -- Gain/Loss on Ineffective Hedges (HEDGEGL)
IB,double,IB -- Income Before Extraordinary Items (IB)
IBADJ,double,IBADJ -- Income Before Extraordinary Items Adjusted for Common Stock Equivalents (IBADJ)
IBBL,double,IBBL -- Individual Benefits (Business Line) (IBBL)
IBCOM,double,IBCOM -- Income Before Extraordinary Items Available for Common (IBCOM)
IBKI,double,IBKI -- Investment Banking Income (IBKI)
IDIIS,double,IDIIS -- Interest and Dividend Income - Investment Securities (IDIIS)
IDILB,double,IDILB -- Interest and Dividend Income - Loans/Claims/Advances - Banks (IDILB)
IDILC,double,IDILC -- Interest and Dividend Income - Loans/Claims/Advances - Customers (IDILC)
IDIS,double,IDIS -- Interest and Dividend Income - Sundry (IDIS)
IDIST,double,IDIST -- Interest and Dividend Income - Short-Term Investments (IDIST)
IDIT,double,IDIT -- Interest and Related Income - Total (IDIT)
IDITS,double,IDITS -- Interest and Dividend Income - Trading Securities (IDITS)
IIRE,double,IIRE -- Investment Income (Real Estate) (IIRE)
INITB,double,INITB -- Income - Non-interest - Total (Bank) (INITB)
INTC,double,INTC -- Interest Capitalized (INTC)
IOBD,double,IOBD -- Income - Other (Broker Dealer) (IOBD)
IOI,double,IOI -- Income - Other (Insurance) (IOI)
IORE,double,IORE -- Income - Other (Real Estate) (IORE)
IPABL,double,IPABL -- Individual Premiums - Annuity (Business Line) (IPABL)
IPHBL,double,IPHBL -- Individual Premiums - Health (Business Line) (IPHBL)
IPLBL,double,IPLBL -- Individual Premiums - Life (Business Line) (IPLBL)
IPOBL,double,IPOBL -- Individual Premiums - Other (Business Line) (IPOBL)
IPTBL,double,IPTBL -- Individual Premiums - Total (Business Line) (IPTBL)
IPTI,double,IPTI -- Insurance Premiums - Total (Insurance) (IPTI)
IREI,double,IREI -- Interest and Related Income - Reinsurance (Insurance) (IREI)
IRENT,double,IRENT -- Rental Income (IRENT)
IRII,double,IRII -- Interest and Related Income (Insurance) (IRII)
IRLI,double,IRLI -- Interest and Related Income - Life (Insurance) (IRLI)
IRNLI,double,IRNLI -- Interest and Related Income - Non-Life (Insurance) (IRNLI)
IRSI,double,IRSI -- Interest and Related Income - Sundry (Insurance) (IRSI)
ISGR,double,ISGR -- Investment Securities - Gain (Loss) - Realized (ISGR)
ISGT,double,ISGT -- Investment Securities - Gain (Loss) - Total (ISGT)
ISGU,double,ISGU -- Investment Securities - Gain (Loss) - Unrealized (ISGU)
ITCI,double,ITCI -- Investment Tax Credit (Income Account) (ITCI)
IVI,double,IVI -- Investment Income - Total (Insurance) (IVI)
LI,double,LI -- Leasing Income (LI)
LLRCI,double,LLRCI -- Loan Loss Recoveries - Credited to Income (LLRCI)
LLRCR,double,LLRCR -- Loan Loss Recoveries - Credited to Reserves (LLRCR)
LLWOCI,double,LLWOCI -- Loan Loss Written Off - Charged to Income (LLWOCI)
LLWOCR,double,LLWOCR -- Loan Loss Written Off - Charged to Reserves (LLWOCR)
LST,double,LST -- Life Insurance Surrenders and Terminations (LST)
MII,double,MII -- Minority Interest (Income Account) (MII)
NCO,double,NCO -- Net Charge-Offs (NCO)
NFSR,double,NFSR -- Non-Financial Services Revenue (NFSR)
NI,double,NI -- Net Income (Loss) (NI)
NIADJ,double,NIADJ -- Net Income Adjusted for Common/Ordinary Stock (Capital) Equivalents (NIADJ)
NIECI,double,NIECI -- Net Income Effect Capitalized Interest (NIECI)
NIINT,double,NIINT -- Net Interest Income (NIINT)
NIIT,double,NIIT -- Net Interest Income (Tax Equivalent) (NIIT)
NIM,double,NIM -- Net Interest Margin (NIM)
NIO,double,NIO -- Net Items - Other (NIO)
NIT,double,NIT -- Net Item - Total (NIT)
NITS,double,NITS -- Net Income - Total (Statutory) (NITS)
NOPI,double,NOPI -- Nonoperating Income (Expense) (NOPI)
NOPIO,double,NOPIO -- Nonoperating Income (Expense) Other (NOPIO)
NRTXT,double,NRTXT -- Nonrecurring Income Taxes After-tax (NRTXT)
NRTXTD,double,NRTXTD -- Nonrecurring Income Tax Diluted EPS Effect (NRTXTD)
NRTXTEPS,double,NRTXTEPS -- Nonrecurring Income Tax Basic EPS Effect (NRTXTEPS)
OIADP,double,OIADP -- Operating Income After Depreciation (OIADP)
OIBDP,double,OIBDP -- Operating Income Before Depreciation (OIBDP)
OPEPS,double,OPEPS -- Earnings Per Share from Operations (OPEPS)
OPILI,double,OPILI -- Operating Income - Life (OPILI)
OPINCAR,double,OPINCAR -- Operating Income - As Reported (OPINCAR)
OPINI,double,OPINI -- Operating Income - Non-Life (OPINI)
OPIOI,double,OPIOI -- Operating Income - Other (OPIOI)
OPIRI,double,OPIRI -- Operating Income - Reinsurance (OPIRI)
OPITI,double,OPITI -- Operating Income - Total (OPITI)
OPREPSX,double,OPREPSX -- Earnings Per Share Diluted from Operations (OPREPSX)
PALR,double,PALR -- Premiums Assumed - Life (PALR)
PANLR,double,PANLR -- Premiums Assumed - Nonlife (PANLR)
PATR,double,PATR -- Premiums Assumed - Total (PATR)
PCL,double,PCL -- Provision - Credit Losses (Income Account) (PCL)
PCLR,double,PCLR -- Premiums Ceded - Life (PCLR)
PCNLR,double,PCNLR -- Premiums Ceded - Nonlife (PCNLR)
PCTR,double,PCTR -- Premiums Ceded - Total (PCTR)
PI,double,PI -- Pretax Income (PI)
PIDOM,double,PIDOM -- Pretax Income Domestic (PIDOM)
PIFO,double,PIFO -- Pretax Income Foreign (PIFO)
PLL,double,PLL -- Provision for Loan/Asset Losses (PLL)
PLTBL,double,PLTBL -- Premiums - Life - Total (Business Line) (PLTBL)
PNCA,double,PNCA -- Core Pension Adjustment (PNCA)
PNCAD,double,PNCAD -- Core Pension Adjustment Diluted EPS Effect (PNCAD)
PNCAEPS,double,PNCAEPS -- Core Pension Adjustment Basic EPS Effect (PNCAEPS)
PNCIA,double,PNCIA -- Core Pension Interest Adjustment After-tax (PNCIA)
PNCID,double,PNCID -- Core Pension Interest Adjustment Diluted EPS Effect (PNCID)
PNCIEPS,double,PNCIEPS -- Core Pension Interest Adjustment Basic EPS Effect (PNCIEPS)
PNCIP,double,PNCIP -- Core Pension Interest Adjustment Pretax (PNCIP)
PNCWIA,double,PNCWIA -- Core Pension w/o Interest Adjustment After-tax (PNCWIA)
PNCWID,double,PNCWID -- Core Pension w/o Interest Adjustment Diluted EPS Effect (PNCWID)
PNCWIEPS,double,PNCWIEPS -- Core Pension w/o Interest Adjustment Basic EPS Effect (PNCWIEPS)
PNCWIP,double,PNCWIP -- Core Pension w/o Interest Adjustment Pretax (PNCWIP)
PNLBL,double,PNLBL -- Premiums - Nonlife - Total (Business Line) (PNLBL)
PNLI,double,PNLI -- Premiums Written - Non-Life (PNLI)
POBL,double,POBL -- Premiums - Other (Business Line) (POBL)
PPCBL,double,PPCBL -- Personal Property and Casualty Claims (Business Line) (PPCBL)
PPPABL,double,PPPABL -- Personal Property and Casualty Premiums - Automobile (Business Line) (PPPABL)
PPPHBL,double,PPPHBL -- Personal Property and Casualty Premiums - Homeowners (Business Line) (PPPHBL)
PPPOBL,double,PPPOBL -- Personal Property and Casualty Premiums - Other (Business Line) (PPPOBL)
PPPTBL,double,PPPTBL -- Personal Property & Casualty Premiums - Total (Business Line) (PPPTBL)
PRCA,double,PRCA -- Core Post Retirement Adjustment (PRCA)
PRCAD,double,PRCAD -- Core Post Retirement Adjustment Diluted EPS Effect (PRCAD)
PRCAEPS,double,PRCAEPS -- Core Post Retirement Adjustment Basic EPS Effect (PRCAEPS)
PREBL,double,PREBL -- Premiums - Reinsurance (Business Line) (PREBL)
PRI,double,PRI -- Premiums Written - Reinsurance (PRI)
PTBL,double,PTBL -- Premiums - Total (Business Line) (PTBL)
PTRAN,double,PTRAN -- Principal Transactions (PTRAN)
PVO,double,PVO -- Provision - Other (PVO)
PVON,double,PVON -- Provisions - Other (Net) (PVON)
PWOI,double,PWOI -- Premiums Written - Other (PWOI)
RCA,double,RCA -- Restructuring Costs After-tax (RCA)
RCD,double,RCD -- Restructuring Costs Diluted EPS Effect (RCD)
RCEPS,double,RCEPS -- Restructuring Costs Basic EPS Effect (RCEPS)
RCP,double,RCP -- Restructuring Costs Pretax (RCP)
RDIP,double,RDIP -- In Process R&D Expense (RDIP)
RDIPA,double,RDIPA -- In Process R&D Expense After-tax (RDIPA)
RDIPD,double,RDIPD -- In Process R&D Expense Diluted EPS Effect (RDIPD)
RDIPEPS,double,RDIPEPS -- In Process R&D Expense Basic EPS Effect (RDIPEPS)
REVT,double,REVT -- Revenue - Total (REVT)
RIS,double,RIS -- Revenue/Income - Sundry (RIS)
RMUM,double,RMUM -- Auditors' Remuneraton (RMUM)
RRA,double,RRA -- Reversal Restructruring/Acquisition Aftertax (RRA)
RRD,double,RRD -- Reversal Restructuring/Acq Diluted EPS Effect (RRD)
RRP,double,RRP -- Reversal Restructruring/Acquisition Pretax (RRP)
SALE,double,SALE -- Sales/Turnover (Net) (SALE)
SETA,double,SETA -- Settlement (Litigation/Insurance) After-tax (SETA)
SETD,double,SETD -- Settlement (Litigation/Insurance) Diluted EPS Effect (SETD)
SETEPS,double,SETEPS -- Settlement (Litigation/Insurance) Basic EPS Effect (SETEPS)
SETP,double,SETP -- Settlement (Litigation/Insurance) Pretax (SETP)
SPCE,double,SPCE -- S&P Core Earnings (SPCE)
SPCED,double,SPCED -- S&P Core Earnings EPS Diluted (SPCED)
SPCEEPS,double,SPCEEPS -- S&P Core Earnings EPS Basic (SPCEEPS)
SPI,double,SPI -- Special Items (SPI)
SPID,double,SPID -- Other Special Items Diluted EPS Effect (SPID)
SPIEPS,double,SPIEPS -- Other Special Items Basic EPS Effect (SPIEPS)
SPIOA,double,SPIOA -- Other Special Items After-tax (SPIOA)
SPIOP,double,SPIOP -- Other Special Items Pretax (SPIOP)
SRET,double,SRET -- Gain/Loss on Sale of Property (SRET)
STKCO,double,STKCO -- Stock Compensation Expense (STKCO)
STKCPA,double,STKCPA -- After-tax stock compensation (STKCPA)
TDSG,double,TDSG -- Trading/Dealing Securities - Gain (Loss) (TDSG)
TF,double,TF -- Trust Fees (TF)
TIE,double,TIE -- Interest Expense Total (Financial Services) (TIE)
TII,double,TII -- Interest Income Total (Financial Services) (TII)
TXC,double,TXC -- Income Taxes - Current (TXC)
TXDFED,double,TXDFED -- Deferred Taxes-Federal (TXDFED)
TXDFO,double,TXDFO -- Deferred Taxes-Foreign (TXDFO)
TXDI,double,TXDI -- Income Taxes - Deferred (TXDI)
TXDS,double,TXDS -- Deferred Taxes-State (TXDS)
TXEQA,double,TXEQA -- Tax - Equivalent Adjustment (TXEQA)
TXEQII,double,TXEQII -- Tax - Equivalent Interest Income (Gross) (TXEQII)
TXFED,double,TXFED -- Income Taxes Federal (TXFED)
TXFO,double,TXFO -- Income Taxes - Foreign (TXFO)
TXO,double,TXO -- Income Taxes - Other (TXO)
TXS,double,TXS -- Income Taxes State (TXS)
TXT,double,TXT -- Income Taxes - Total (TXT)
TXVA,double,TXVA -- Value Added Taxes (TXVA)
TXW,double,TXW -- Excise Taxes (TXW)
UDPFA,double,UDPFA -- Depreciation of Fixed Assets (UDPFA)
UDVP,double,UDVP -- Preferred Dividend Requirements (UDVP)
UGI,double,UGI -- Gross Income (Income Before Interest Charges) (UGI)
UNIAMI,double,UNIAMI -- Net Income before Extraordinary Items and after Minority Interest (UNIAMI)
UNOPINC,double,UNOPINC -- Nonoperating Income (Net) - Other (UNOPINC)
UOPI,double,UOPI -- Operating Income - Total - Utility (UOPI)
UPDVP,double,UPDVP -- Preference Dividend Requirements* (UPDVP)
USPI,double,USPI -- Special Items (USPI)
USUBDVP,double,USUBDVP -- Subsidiary Preferred Dividends (USUBDVP)
UTME,double,UTME -- Maintenance Expense - Total (UTME)
UTXFED,double,UTXFED -- Current Taxes - Federal (Operating) (UTXFED)
UXINST,double,UXINST -- Interest On Short-Term Debt - Utility (UXINST)
UXINTD,double,UXINTD -- Interest on Long-Term Debt* (UXINTD)
WDA,double,WDA -- Writedowns After-tax (WDA)
WDD,double,WDD -- Writedowns Diluted EPS Effect (WDD)
WDEPS,double,WDEPS -- Writedowns Basic EPS Effect (WDEPS)
WDP,double,WDP -- Writedowns Pretax (WDP)
XAD,double,XAD -- Advertising Expense (XAD)
XAGO,double,XAGO -- Administrative and General Expense - Other (XAGO)
XAGT,double,XAGT -- Administrative and General Expense - Total (XAGT)
XCOM,double,XCOM -- Communications Expense (XCOM)
XCOMI,double,XCOMI -- Commissions Expense (Insurance) (XCOMI)
XDEPL,double,XDEPL -- Depletion Expense (Schedule VI) (XDEPL)
XDP,double,XDP -- Depreciation Expense (Schedule VI) (XDP)
XDVRE,double,XDVRE -- Expense - Development (Real Estate) (XDVRE)
XEQO,double,XEQO -- Equipment and Occupancy Expense (XEQO)
XI,double,XI -- Extraordinary Items (XI)
XIDO,double,XIDO -- Extraordinary Items and Discontinued Operations (XIDO)
XINDB,double,XINDB -- Interest Expense - Deposits - Banks (XINDB)
XINDC,double,XINDC -- Interest Expense - Deposits - Customer (XINDC)
XINS,double,XINS -- Interest Expense - Sundry (XINS)
XINST,double,XINST -- Interest Expense - Short-Term Borrowings (XINST)
XINT,double,XINT -- Interest and Related Expense - Total (XINT)
XINTD,double,XINTD -- Interest Expense - Long-Term Debt (XINTD)
XINTOPT,double,XINTOPT -- Implied Option Expense (XINTOPT)
XIVI,double,XIVI -- Investment Expense (Insurance) (XIVI)
XIVRE,double,XIVRE -- Expense - Investment (Real Estate) (XIVRE)
XLR,double,XLR -- Staff Expense - Total (XLR)
XNBI,double,XNBI -- Other Insurance Expense (XNBI)
XNF,double,XNF -- Non-Financial Services Expense (XNF)
XNINS,double,XNINS -- Other Expense - Noninsurance (XNINS)
XNITB,double,XNITB -- Expense - Noninterest - Total (Bank) (XNITB)
XOBD,double,XOBD -- Expense - Other (Broker/Dealer) (XOBD)
XOI,double,XOI -- Expenses - Other (Insurance) (XOI)
XOPR,double,XOPR -- Operating Expenses Total (XOPR)
XOPRAR,double,XOPRAR -- Operatings Expenses - As Reported (XOPRAR)
XOPTD,double,XOPTD -- Implied Option EPS Diluted (XOPTD)
XOPTEPS,double,XOPTEPS -- Implied Option EPS Basic (XOPTEPS)
XORE,double,XORE -- Expense - Other (Real Estate) (XORE)
XPR,double,XPR -- Pension and Retirement Expense (XPR)
XRD,double,XRD -- Research and Development Expense (XRD)
XRENT,double,XRENT -- Rental Expense (XRENT)
XS,double,XS -- Expense - Sundry (XS)
XSGA,double,"XSGA -- Selling, General and Administrative Expense (XSGA)"
XSTF,double,XSTF -- Staff Expense (Income Account) (XSTF)
XSTFO,double,XSTFO -- Staff Expense - Other (XSTFO)
XSTFWS,double,XSTFWS -- Staff Expense - Wages and Salaries (XSTFWS)
XT,double,XT -- Expense - Total (XT)
XUW,double,XUW -- Other Underwriting Expenses - Insurance (XUW)
XUWLI,double,XUWLI -- Underwriting Expense - Life (XUWLI)
XUWNLI,double,XUWNLI -- Underwriting Expense - Non-Life (XUWNLI)
XUWOI,double,XUWOI -- Underwriting Expense - Other (XUWOI)
XUWREI,double,XUWREI -- Underwriting Expense - Reinsurance (XUWREI)
XUWTI,double,XUWTI -- Underwriting Expense - Total (XUWTI)
AFUDCC,double,AFUDCC -- Allowance for Funds Used During Construction (Cash Flow) (AFUDCC)
AFUDCI,double,AFUDCI -- Allowance for Funds Used During Construction (Investing) (Cash Flow) (AFUDCI)
AMC,double,AMC -- Amortization (Cash Flow) - Utility (AMC)
AOLOCH,double,AOLOCH -- Assets and Liabilities Other Net Change (AOLOCH)
APALCH,double,APALCH -- Accounts Payable and Accrued Liabilities Increase/(Decrease) (APALCH)
AQC,double,AQC -- Acquisitions (AQC)
CAPX,double,CAPX -- Capital Expenditures (CAPX)
CAPXV,double,"CAPXV -- Capital Expend Property, Plant and Equipment Schd V (CAPXV)"
CDVC,double,CDVC -- Cash Dividends on Common Stock (Cash Flow) (CDVC)
CHECH,double,CHECH -- Cash and Cash Equivalents Increase/(Decrease) (CHECH)
DEPC,double,DEPC -- Depreciation and Depletion (Cash Flow) (DEPC)
DLCCH,double,DLCCH -- Current Debt Changes (DLCCH)
DLTIS,double,DLTIS -- Long-Term Debt Issuance (DLTIS)
DLTR,double,DLTR -- Long-Term Debt Reduction (DLTR)
DPC,double,DPC -- Depreciation and Amortization (Cash Flow) (DPC)
DV,double,DV -- Cash Dividends (Cash Flow) (DV)
ESUBC,double,ESUBC -- Equity in Net Loss Earnings (ESUBC)
EXRE,double,EXRE -- Exchange Rate Effect (EXRE)
FIAO,double,FIAO -- Financing Activities Other (FIAO)
FINCF,double,FINCF -- Financing Activities Net Cash Flow (FINCF)
FOPO,double,FOPO -- Funds from Operations Other (FOPO)
FOPOX,double,FOPOX -- Funds from Operations - Other excluding Option Tax Benefit (FOPOX)
FOPT,double,FOPT -- Funds From Operations Total (FOPT)
FSRCO,double,FSRCO -- Sources of Funds Other (FSRCO)
FSRCT,double,FSRCT -- Sources of Funds Total (FSRCT)
FUSEO,double,FUSEO -- Uses of Funds Other (FUSEO)
FUSET,double,FUSET -- Uses of Funds Total (FUSET)
IBC,double,IBC -- Income Before Extraordinary Items (Cash Flow) (IBC)
INTPN,double,INTPN -- Interest Paid Net (INTPN)
INVCH,double,INVCH -- Inventory Decrease (Increase) (INVCH)
ITCC,double,ITCC -- Investment Tax Credit - Net (Cash Flow) - Utility (ITCC)
IVACO,double,IVACO -- Investing Activities Other (IVACO)
IVCH,double,IVCH -- Increase in Investments (IVCH)
IVNCF,double,IVNCF -- Investing Activities Net Cash Flow (IVNCF)
IVSTCH,double,IVSTCH -- Short-Term Investments Change (IVSTCH)
OANCF,double,OANCF -- Operating Activities Net Cash Flow (OANCF)
PDVC,double,PDVC -- Cash Dividends on Preferred/Preference Stock (Cash Flow) (PDVC)
PRSTKC,double,PRSTKC -- Purchase of Common and Preferred Stock (PRSTKC)
PRSTKCC,double,PRSTKCC -- Purchase of Common Stock (Cash Flow) (PRSTKCC)
PRSTKPC,double,PRSTKPC -- Purchase of Preferred/Preference Stock (Cash Flow) (PRSTKPC)
RECCH,double,RECCH -- Accounts Receivable Decrease (Increase) (RECCH)
SCSTKC,double,SCSTKC -- Sale of Common Stock (Cash Flow) (SCSTKC)
SIV,double,SIV -- Sale of Investments (SIV)
SPPE,double,SPPE -- Sale of Property (SPPE)
SPPIV,double,"SPPIV -- Sale of Property, Plant and Equipment and Investments Gain (Loss) (SPPIV)"
SPSTKC,double,SPSTKC -- Sale of Preferred/Preference Stock (Cash Flow) (SPSTKC)
SSTK,double,SSTK -- Sale of Common and Preferred Stock (SSTK)
TDC,double,TDC -- Deferred Income Taxes - Net (Cash Flow) (TDC)
TSAFC,double,TSAFC -- Total Sources/Applications of Funds (Cash Flow) (TSAFC)
TXACH,double,TXACH -- Income Taxes Accrued Increase/(Decrease) (TXACH)
TXBCO,double,TXBCO -- Excess Tax Benefit Stock Options - Cash Flow Operating (TXBCO)
TXBCOF,double,TXBCOF -- Excess Tax Benefit of Stock Options - Cash Flow Financing (TXBCOF)
TXDC,double,TXDC -- Deferred Taxes (Cash Flow) (TXDC)
TXPD,double,TXPD -- Income Taxes Paid (TXPD)
UAOLOCH,double,UAOLOCH -- Other Assets and Liabilities - Net Change (Statement of Cash Flows) (UAOLOCH)
UDFCC,double,UDFCC -- Deferred Fuel - Increase (Decrease) (Statement of Cash Flows) (UDFCC)
UFRETSD,double,UFRETSD -- Funds for Retirement of Securities and Short-Term Debt (Cash Flow) (UFRETSD)
UNWCC,double,UNWCC -- Working Capital (Use) - Increase (Decrease) (Cash Flow) (UNWCC)
UOIS,double,UOIS -- Other Internal Sources - Net (Cash Flow) (UOIS)
USTDNC,double,USTDNC -- Short-Term Debt - Decrease (Increase) (Cash Flow) (USTDNC)
UTFDOC,double,UTFDOC -- Total Funds From Operations (Cash Flow) (UTFDOC)
UTFOSC,double,UTFOSC -- Total Funds from Outside Sources (Cash Flow) (UTFOSC)
UWKCAPC,double,UWKCAPC -- Working Capital (Source) - Decrease (Increase) (Cash Flow) (UWKCAPC)
WCAPC,double,WCAPC -- Working Capital Change Other Increase/(Decrease) (WCAPC)
WCAPCH,double,WCAPCH -- Working Capital Change Total (WCAPCH)
XIDOC,double,XIDOC -- Extraordinary Items and Discontinued Operations (Cash Flow) (XIDOC)
ACCRT,double,ACCRT -- ARO Accretion Expense (ACCRT)
ACQAO,double,ACQAO -- Acquired Assets > Other Long-Term Assets (ACQAO)
ACQCSHI,double,ACQCSHI -- Shares Issued for Acquisition (ACQCSHI)
ACQGDWL,double,ACQGDWL -- Acquired Assets - Goodwill (ACQGDWL)
ACQIC,double,ACQIC -- Acquisitions - Current Income Contribution (ACQIC)
ACQINTAN,double,ACQINTAN -- Acquired Assets - Intangibles (ACQINTAN)
ACQINVT,double,ACQINVT -- Acquired Assets - Inventory (ACQINVT)
ACQLNTAL,double,ACQLNTAL -- Acquired Loans (ACQLNTAL)
ACQNIINTC,double,ACQNIINTC -- Net Interest Income Contribution (ACQNIINTC)
ACQPPE,double,"ACQPPE -- Acquired Assets > Property, Plant & Equipment (ACQPPE)"
ACQSC,double,ACQSC -- Acquisitions - Current Sales Contribution (ACQSC)
ANO,double,ANO -- Assets Netting & Other Adjustments (ANO)
AOL2,double,AOL2 -- Assets Level2 (Observable) (AOL2)
AQPL1,double,AQPL1 -- Assets Level1 (Quoted Prices) (AQPL1)
AU,string,AU -- Auditor (AU)
AUL3,double,AUL3 -- Assets Level3 (Unobservable) (AUL3)
AUOP,string,AUOP -- Auditor Opinion (AUOP)
AUOPIC,string,AUOPIC -- Auditor Opinion - Internal Control (AUOPIC)
BASTR,double,BASTR -- Average Short-Term Borrowings Rate (BASTR)
BILLEXCE,double,BILLEXCE -- Billings in Excess of Cost & Earnings (BILLEXCE)
CAPR1,double,CAPR1 -- Risk-Adjusted Capital Ratio - Tier 1 (CAPR1)
CAPR2,double,CAPR2 -- Risk-Adjusted Capital Ratio - Tier 2 (CAPR2)
CAPR3,double,CAPR3 -- Risk-Adjusted Capital Ratio - Combined (CAPR3)
CAPSFT,double,CAPSFT -- Capitalized Software (CAPSFT)
CEIEXBILL,double,CEIEXBILL -- Cost & Earnings in Excess of Billings (CEIEXBILL)
CEOSO,string,CEOSO -- Chief Executive Officer SOX Certification (CEOSO)
CFOSO,string,CFOSO -- Chief Financial Officer SOX Certification (CFOSO)
CI,double,CI -- Comprehensive Income - Total (CI)
CIMII,double,CIMII -- Comprehensive Income - Noncontrolling Interest (CIMII)
CSHFD,double,CSHFD -- Common Shares Used to Calc Earnings Per Share Fully Diluted (CSHFD)
CSHI,double,CSHI -- Common Shares Issued (CSHI)
CSHO,double,CSHO -- Common Shares Outstanding (CSHO)
CSHPRI,double,CSHPRI -- Common Shares Used to Calculate Earnings Per Share Basic (CSHPRI)
CSHR,double,CSHR -- Common/Ordinary Shareholders (CSHR)
CSHRC,double,CSHRC -- Common Shares Reserved for Conversion Convertible Debt (CSHRC)
CSHRP,double,CSHRP -- Common Shares Reserved for Conversion Preferred Stock (CSHRP)
CSHRSO,double,CSHRSO -- Common Shares Reserved for Conversion Stock Options (CSHRSO)
CSHRT,double,CSHRT -- Common Shares Reserved for Conversion Total (CSHRT)
CSHRW,double,CSHRW -- Common Shares Reserved for Conversion Warrants and Other (CSHRW)
DERAC,double,DERAC -- Derivative Assets - Current (DERAC)
DERALT,double,DERALT -- Derivative Assets Long-Term (DERALT)
DERHEDGL,double,DERHEDGL -- Gains/Losses on Derivatives and Hedging (DERHEDGL)
DERLC,double,DERLC -- Derivative Liabilities- Current (DERLC)
DERLLT,double,DERLLT -- Derivative Liabilities Long-Term (DERLLT)
DT,double,DT -- Total Debt Including Current (DT)
DVINTF,double,DVINTF -- Dividends & Interest Receivable (Cash Flow) (DVINTF)
EMP,double,EMP -- Employees (EMP)
FINACO,double,"FINACO -- Finance Division Other Current Assets, Total (FINACO)"
FINAO,double,"FINAO -- Finance Division Other Long-Term Assets, Total (FINAO)"
FINCH,double,FINCH -- Finance Division - Cash (FINCH)
FINDLC,double,FINDLC -- Finance Division Long-Term Debt - Current (FINDLC)
FINDLT,double,FINDLT -- Finance Division Debt - Long-Term (FINDLT)
FINIVST,double,FINIVST -- Finance Division - Short-Term Investments (FINIVST)
FINLCO,double,"FINLCO -- Finance Division Other Current Liabilities, Total (FINLCO)"
FINLTO,double,"FINLTO -- Finance Division Other Long Term Liabilities, Total (FINLTO)"
FINNP,double,FINNP -- Finance Division Notes Payable (FINNP)
FINRECC,double,FINRECC -- Finance Division - Current Receivables (FINRECC)
FINRECLT,double,FINRECLT -- Finance Division - Long-Term Receivables (FINRECLT)
FINREV,double,FINREV -- Finance Division Revenue (FINREV)
FINXINT,double,FINXINT -- Finance Division Interest Expense (FINXINT)
FINXOPR,double,FINXOPR -- Finance Division Operating Expense (FINXOPR)
GLIV,double,GLIV -- Gains/Losses on investments (GLIV)
GOVTOWN,double,GOVTOWN -- Percent of Gov't Owned (GOVTOWN)
IBMII,double,IBMII -- Income before Extraordinary Items and Noncontrolling Interests (IBMII)
LIFRP,double,LIFRP -- LIFO Reserve - Prior (LIFRP)
LNO,double,LNO -- Liabilities Netting & Other Adjustments (LNO)
LOL2,double,LOL2 -- Liabilities Level2 (Observable) (LOL2)
LQPL1,double,LQPL1 -- Liabilities Level1 (Quoted Prices) (LQPL1)
LUL3,double,LUL3 -- Liabilities Level3 (Unobservable) (LUL3)
MIBN,double,MIBN -- Noncontrolling Interests - Nonredeemable - Balance Sheet (MIBN)
MIBT,double,MIBT -- Noncontrolling Interests - Total - Balance Sheet (MIBT)
NIINTPFC,double,NIINTPFC -- Pro Forma Net Interest Income - Current (NIINTPFC)
NIINTPFP,double,NIINTPFP -- Pro Forma Net Interest Income - Prior (NIINTPFP)
NIPFC,double,NIPFC -- Pro Forma Net Income - Current (NIPFC)
NIPFP,double,NIPFP -- Pro Forma Net Income - Prior (NIPFP)
OPTCA,double,OPTCA -- Options - Cancelled (-) (OPTCA)
OPTDR,double,OPTDR -- Dividend Rate - Assumption (%) (OPTDR)
OPTEX,double,OPTEX -- Options Exercisable (000) (OPTEX)
OPTEXD,double,OPTEXD -- Options - Exercised (-) (OPTEXD)
OPTFVGR,double,OPTFVGR -- Options - Fair Value of Options Granted (OPTFVGR)
OPTGR,double,OPTGR -- Options - Granted (OPTGR)
OPTLIFE,double,OPTLIFE -- Life of Options - Assumption (# yrs) (OPTLIFE)
OPTOSBY,double,OPTOSBY -- Options Outstanding - Beg of Year (OPTOSBY)
OPTOSEY,double,OPTOSEY -- Options Outstanding - End of Year (OPTOSEY)
OPTPRCBY,double,OPTPRCBY -- Options Outstanding Beg of Year - Price (OPTPRCBY)
OPTRFR,double,OPTRFR -- Risk Free Rate - Assumption (%) (OPTRFR)
OPTVOL,double,OPTVOL -- Volatility - Assumption (%) (OPTVOL)
PNRSHO,double,PNRSHO -- Nonred Pfd Shares Outs (000) (PNRSHO)
PRSHO,double,PRSHO -- Redeem Pfd Shares Outs (000) (PRSHO)
RANK,double,RANK -- Rank - Auditor (RANK)
RSTCHE,double,RSTCHE -- Restricted Cash & Investments - Current (RSTCHE)
RSTCHELT,double,RSTCHELT -- Long-Term Restricted Cash & Investments (RSTCHELT)
SALEPFC,double,SALEPFC -- Pro Forma Net Sales - Current Year (SALEPFC)
SALEPFP,double,SALEPFP -- Pro Forma Net Sales - Prior Year (SALEPFP)
TEQ,double,TEQ -- Stockholders Equity - Total (TEQ)
TFVA,double,TFVA -- Total Fair Value Assets (TFVA)
TFVCE,double,TFVCE -- Total Fair Value Changes including Earnings (TFVCE)
TFVL,double,TFVL -- Total Fair Value Liabilities (TFVL)
TSTKN,double,TSTKN -- Treasury Stock Number of Common Shares (TSTKN)
TXTUBADJUST,double,TXTUBADJUST -- Other Unrecog Tax Benefit Adj. (TXTUBADJUST)
TXTUBBEGIN,double,TXTUBBEGIN -- Unrecog. Tax Benefits - Beg of Year (TXTUBBEGIN)
TXTUBEND,double,TXTUBEND -- Unrecog. Tax Benefits - End of Year (TXTUBEND)
TXTUBMAX,double,TXTUBMAX -- Chg. In Unrecog. Tax Benefits - Max (TXTUBMAX)
TXTUBMIN,double,TXTUBMIN -- Chg. In Unrecog. Tax Benefits - Min (TXTUBMIN)
TXTUBPOSDEC,double,TXTUBPOSDEC -- Decrease- Current Tax Positions (TXTUBPOSDEC)
TXTUBPOSINC,double,TXTUBPOSINC -- Increase- Current Tax Positions (TXTUBPOSINC)
TXTUBPOSPDEC,double,TXTUBPOSPDEC -- Decrease- Prior Tax Positions (TXTUBPOSPDEC)
TXTUBPOSPINC,double,TXTUBPOSPINC -- Increase- Prior Tax Positions (TXTUBPOSPINC)
TXTUBSETTLE,double,TXTUBSETTLE -- Settlements with Tax Authorities (TXTUBSETTLE)
TXTUBSOFLIMIT,double,TXTUBSOFLIMIT -- Lapse of Statute of Limitations (TXTUBSOFLIMIT)
TXTUBTXTR,double,TXTUBTXTR -- Impact on Effective Tax Rate (TXTUBTXTR)
TXTUBXINTBS,double,TXTUBXINTBS -- Interest & Penalties Accrued - B/S (TXTUBXINTBS)
TXTUBXINTIS,double,TXTUBXINTIS -- Interest & Penalties Reconized - I/S (TXTUBXINTIS)
XRDP,double,XRDP -- Research & Development - Prior (XRDP)
ADJEX_C,double,ADJEX_C -- Cumulative Adjustment Factor by Ex-Date - Calendar (ADJEX_C)
ADJEX_F,double,ADJEX_F -- Cumulative Adjustment Factor by Ex-Date - Fiscal (ADJEX_F)
CSHTR_C,double,CSHTR_C -- Common Shares Traded - Annual - Calendar (CSHTR_C)
CSHTR_F,double,CSHTR_F -- Common Shares Traded - Annual - Fiscal (CSHTR_F)
DVPSP_C,double,DVPSP_C -- Dividends per Share - Pay Date - Calendar (DVPSP_C)
DVPSP_F,double,DVPSP_F -- Dividends per Share - Pay Date - Fiscal (DVPSP_F)
DVPSX_C,double,DVPSX_C -- Dividends per Share - Ex-Date - Calendar (DVPSX_C)
DVPSX_F,double,DVPSX_F -- Dividends per Share - Ex-Date - Fiscal (DVPSX_F)
MKVALT,double,MKVALT -- Market Value - Total - Fiscal (MKVALT)
NAICSH,string,NAICSH -- North America Industrial Classification System - Historical (NAICSH)
PRCC_C,double,PRCC_C -- Price Close - Annual - Calendar (PRCC_C)
PRCC_F,double,PRCC_F -- Price Close - Annual - Fiscal (PRCC_F)
PRCH_C,double,PRCH_C -- Price High - Annual - Calendar (PRCH_C)
PRCH_F,double,PRCH_F -- Price High - Annual - Fiscal (PRCH_F)
PRCL_C,double,PRCL_C -- Price Low - Annual - Calendar (PRCL_C)
PRCL_F,double,PRCL_F -- Price Low - Annual - Fiscal (PRCL_F)
SICH,double,SICH -- Standard Industrial Classification - Historical (SICH)